Metric,CCP,CCP TSNE,CCP UMAP,NMF,NMF TSNE,NMF UMAP,PCA,PCA TSNE,PCA UMAP,TSNE,UMAP
ARI,0.374572,0.936740,0.948263,0.936512,0.360953,0.525215,0.354875,0.495469,0.603468,0.851739,0.948263
NMI,0.602268,0.917090,0.929327,0.917116,0.481711,0.611588,0.529073,0.572013,0.647588,0.853975,0.929327
