Metric,CCP,CCP TSNE,CCP UMAP,NMF,NMF TSNE,NMF UMAP,PCA,PCA TSNE,PCA UMAP,TSNE,UMAP
ARI,0.526743,0.531151,0.560244,0.041927,0.058490,0.065521,-0.013361,0.003754,0.128996,0.532767,0.534920
NMI,0.618882,0.695457,0.726450,0.150583,0.125923,0.181768,0.042414,0.061926,0.189866,0.700040,0.697789
