Metric,CCP,CCP TSNE,CCP UMAP,NMF,NMF TSNE,NMF UMAP,PCA,PCA TSNE,PCA UMAP,TSNE,UMAP
ARI,0.705721,0.750746,0.744553,0.513474,0.170176,0.186234,0.009946,0.015723,0.100329,0.552859,0.643047
NMI,0.807907,0.855803,0.852516,0.703803,0.251272,0.275241,0.022927,0.043335,0.148084,0.767021,0.762974
