Metric,CCP,CCP TSNE,CCP UMAP,NMF,NMF TSNE,NMF UMAP,PCA,PCA TSNE,PCA UMAP,TSNE,UMAP
ARI,0.504082,0.603808,0.615775,0.240543,0.234623,0.243981,-0.001234,0.002931,0.092333,0.402768,0.458205
NMI,0.615275,0.718493,0.732377,0.425509,0.278255,0.300260,0.011279,0.023034,0.124802,0.527287,0.564074
