Metric,CCP,CCP TSNE,CCP UMAP,NMF,NMF TSNE,NMF UMAP,PCA,PCA TSNE,PCA UMAP,TSNE,UMAP
ARI,0.506212,0.540556,0.656004,0.248891,0.282044,0.271790,0.141664,0.154461,0.117522,0.557293,0.540368
NMI,0.787672,0.806275,0.856752,0.549253,0.475429,0.503426,0.344716,0.335374,0.299012,0.779013,0.790596
