Metric,CCP,CCP TSNE,CCP UMAP,NMF,NMF TSNE,NMF UMAP,PCA,PCA TSNE,PCA UMAP,TSNE,UMAP
ARI,0.219592,0.632595,0.832895,0.270665,0.207446,0.176815,-0.011323,0.008975,0.207792,0.522814,0.561663
NMI,0.385777,0.775967,0.880872,0.383205,0.289970,0.305516,0.021154,0.027680,0.291545,0.644439,0.701685
