Metric,CCP,CCP TSNE,CCP UMAP,NMF,NMF TSNE,NMF UMAP,PCA,PCA TSNE,PCA UMAP,TSNE,UMAP
ARI,0.504070,0.910105,0.908085,0.739443,0.279826,0.310505,0.292331,0.366914,0.503719,0.779676,0.770266
NMI,0.585055,0.911567,0.912080,0.736285,0.360380,0.401884,0.400458,0.404666,0.587437,0.781875,0.844311
