Metric,CCP,CCP TSNE,CCP UMAP,NMF,NMF TSNE,NMF UMAP,PCA,PCA TSNE,PCA UMAP,TSNE,UMAP
ARI,0.554901,0.541683,0.535779,0.394728,0.059912,0.058456,0.005096,-0.000530,0.049068,0.505537,0.494345
NMI,0.646132,0.637932,0.645820,0.542056,0.085445,0.085465,0.018681,0.011482,0.050537,0.588014,0.521100
